sector,bits_budget,window_penalty_bits,total_bits
cosmo,59.48883438479961,0.0,59.48883438479961
gauge,30.29197537705405,0.0,30.29197537705405
gravity,275.67389009400637,0.0,275.67389009400637
matter,105.36228058682288,0.0,105.36228058682288
vacuum,405.2752275762582,0.0,405.2752275762582
